-- ============================================================
-- SCHEMA
-- ============================================================

CREATE TABLE alergeny (
    id_alergenu INTEGER PRIMARY KEY AUTOINCREMENT,
    jmeno TEXT
);

CREATE TABLE jidla (
    id_jidla INTEGER PRIMARY KEY AUTOINCREMENT,
    jmeno TEXT,
    doba_podavani TEXT
);

CREATE TABLE jidla_alergeny (
    id_alergenu INTEGER,
    id_jidla INTEGER,
    PRIMARY KEY (id_alergenu, id_jidla),
    FOREIGN KEY (id_alergenu) REFERENCES alergeny(id_alergenu),
    FOREIGN KEY (id_jidla) REFERENCES jidla(id_jidla)
);

CREATE TABLE kniha_jidel (
    id_jidla INTEGER,
    datum DATE,
    PRIMARY KEY (id_jidla, datum),
    FOREIGN KEY (id_jidla) REFERENCES jidla(id_jidla)
);

CREATE TABLE turnusy (
    id_turnusu INTEGER PRIMARY KEY AUTOINCREMENT,
    datum_od DATE,
    datum_do DATE,
    kapacita INTEGER
);

CREATE TABLE ucastnici (
    id_ucastnika INTEGER PRIMARY KEY AUTOINCREMENT,
    jmeno TEXT,
    email TEXT,
    rodne_cislo TEXT,
    telefon TEXT,
    adresa TEXT,
    vek INTEGER
);

CREATE TABLE turnusy_ucastnici (
    id_ucastnika INTEGER,
    id_turnusu INTEGER,
    PRIMARY KEY (id_ucastnika, id_turnusu),
    FOREIGN KEY (id_ucastnika) REFERENCES ucastnici(id_ucastnika),
    FOREIGN KEY (id_turnusu) REFERENCES turnusy(id_turnusu)
);

CREATE TABLE ucastnici_alergeny (
    id_ucastnika INTEGER,
    id_alergenu INTEGER,
    PRIMARY KEY (id_ucastnika, id_alergenu),
    FOREIGN KEY (id_ucastnika) REFERENCES ucastnici(id_ucastnika),
    FOREIGN KEY (id_alergenu) REFERENCES alergeny(id_alergenu)
);

CREATE TABLE ucastnici_jidla (
    id_jidla INTEGER,
    id_ucastnika INTEGER,
    datum_podavani DATE,
    PRIMARY KEY (id_jidla, id_ucastnika, datum_podavani),
    FOREIGN KEY (id_jidla) REFERENCES jidla(id_jidla),
    FOREIGN KEY (id_ucastnika) REFERENCES ucastnici(id_ucastnika)
);

CREATE TABLE vedouci (
    id_vedouciho INTEGER PRIMARY KEY AUTOINCREMENT,
    jmeno TEXT,
    email TEXT,
    rodne_cislo TEXT,
    telefon TEXT,
    adresa TEXT,
    vek INTEGER
);

CREATE TABLE vedouci_alergeny (
    id_vedouciho INTEGER,
    id_alergenu INTEGER,
    PRIMARY KEY (id_vedouciho, id_alergenu),
    FOREIGN KEY (id_vedouciho) REFERENCES vedouci(id_vedouciho),
    FOREIGN KEY (id_alergenu) REFERENCES alergeny(id_alergenu)
);

CREATE TABLE vedouci_turnusy (
    id_turnusu INTEGER,
    id_vedouciho INTEGER,
    PRIMARY KEY (id_turnusu, id_vedouciho),
    FOREIGN KEY (id_turnusu) REFERENCES turnusy(id_turnusu),
    FOREIGN KEY (id_vedouciho) REFERENCES vedouci(id_vedouciho)
);

CREATE TABLE jidla_vedouci (
    id_jidla INTEGER,
    id_vedouciho INTEGER,
    datum_podavani DATE,
    PRIMARY KEY (id_jidla, id_vedouciho, datum_podavani),
    FOREIGN KEY (id_jidla) REFERENCES jidla(id_jidla),
    FOREIGN KEY (id_vedouciho) REFERENCES vedouci(id_vedouciho)
);

-- ============================================================
-- DATA
-- ============================================================

INSERT INTO alergeny (id_alergenu, jmeno) VALUES
(1,'Lepek'),
(2,'Korýši'),
(3,'Vejce'),
(4,'Ryby'),
(5,'Arašídy'),
(6,'Sója'),
(7,'Mléko'),
(8,'Skořápkové plody'),
(9,'Celer'),
(10,'Hořčice'),
(11,'Sezam'),
(12,'Oxid siřičitý a siřičitany'),
(13,'Vlčí bob'),
(14,'Měkkýši');

INSERT INTO jidla (id_jidla, jmeno, doba_podavani) VALUES
(1,'Ovesná kaše s banány','snídaně'),
(2,'Míchaná vejce s toastem','snídaně'),
(3,'Ovocný jogurt','snídaně'),
(4,'Lívance s sirupem','snídaně'),
(5,'Sendvič se šunkou a sýrem','snídaně'),
(6,'Smoothie miska','snídaně'),
(7,'Granola s mlékem','snídaně'),
(8,'Vařená vejce s krekry','snídaně'),
(9,'Sýrový croissant','snídaně'),
(10,'Tvaroh s bobulemi','snídaně'),
(11,'Špagety Bolognese','oběd'),
(12,'Grilované kuře s rýží','oběd'),
(13,'Hovězí guláš s knedlíky','oběd'),
(14,'Zeleninové stir fry s tofu','oběd'),
(15,'Rybí filet s bramborovou kaší','oběd'),
(16,'Čočková polévka s chlebem','oběd'),
(17,'Plněné papriky s rýží','oběd'),
(18,'Kuřecí řízek s brambory','oběd'),
(19,'Rizoto s houbami','oběd'),
(20,'Pečená cuketa se sýrem','oběd'),
(21,'Rajčatová polévka s těstovinami','večeře'),
(22,'Grilovaný sýrový sendvič','večeře'),
(23,'Tuňákový salát s krekry','večeře'),
(24,'Zeleninová pizza','večeře'),
(25,'Vaječný salát v tortille','večeře'),
(26,'Kuskus se zeleninou','večeře'),
(27,'Kuřecí Caesar wrap','večeře'),
(28,'Špenátový quiche','večeře'),
(29,'Rýže s fazolemi','večeře'),
(30,'Bulgur salát s fetou','večeře');

INSERT INTO jidla_alergeny (id_alergenu, id_jidla) VALUES
(1,1),(3,2),(1,2),(7,3),(1,4),(7,4),(3,4),(1,5),(7,5),(7,7),
(8,7),(3,8),(1,8),(1,9),(7,9),(7,10),(1,11),(1,13),(3,13),(6,14),
(4,15),(7,15),(1,16),(1,18),(3,18),(7,19),(7,20),(1,21),(1,22),(7,22),
(4,23),(1,23),(1,24),(7,24),(3,25),(1,25),(1,26),(1,27),(7,27),(3,27),
(7,28),(3,28),(1,28),(1,30),(7,30);

INSERT INTO kniha_jidel (id_jidla, datum) VALUES
(1,'2025-07-04'),(11,'2025-07-04'),(21,'2025-07-04'),
(2,'2025-07-05'),(12,'2025-07-05'),(22,'2025-07-05'),
(3,'2025-07-06'),(13,'2025-07-06'),(23,'2025-07-06'),
(4,'2025-07-07'),(14,'2025-07-07'),(24,'2025-07-07'),
(5,'2025-07-08'),(15,'2025-07-08'),(25,'2025-07-08'),
(6,'2025-07-09'),(16,'2025-07-09'),(26,'2025-07-09'),
(7,'2025-07-10'),(17,'2025-07-10'),(27,'2025-07-10'),
(8,'2025-07-11'),(18,'2025-07-11'),(28,'2025-07-11'),
(9,'2025-07-12'),(19,'2025-07-12'),(29,'2025-07-12'),
(10,'2025-07-13'),(20,'2025-07-13'),(30,'2025-07-13'),
(1,'2025-07-14'),(11,'2025-07-14'),(21,'2025-07-14'),
(2,'2025-07-15'),(12,'2025-07-15'),(22,'2025-07-15'),
(3,'2025-07-16'),(13,'2025-07-16'),(23,'2025-07-16'),
(4,'2025-07-17'),(14,'2025-07-17'),(24,'2025-07-17'),
(5,'2025-07-18'),(15,'2025-07-18'),(25,'2025-07-18'),
(6,'2025-07-19'),(16,'2025-07-19'),(26,'2025-07-19'),
(7,'2025-08-21'),(17,'2025-08-21'),(27,'2025-08-21'),
(8,'2025-08-22'),(18,'2025-08-22'),(28,'2025-08-22'),
(9,'2025-08-23'),(19,'2025-08-23'),(29,'2025-08-23'),
(10,'2025-08-24'),(20,'2025-08-24'),(30,'2025-08-24'),
(1,'2025-08-25'),(11,'2025-08-25'),(21,'2025-08-25'),
(2,'2025-08-26'),(12,'2025-08-26'),(22,'2025-08-26'),
(3,'2025-08-27'),(13,'2025-08-27'),(23,'2025-08-27');

INSERT INTO turnusy (id_turnusu, datum_od, datum_do, kapacita) VALUES
(1,'2025-07-04','2025-07-16',15),(2,'2025-07-11','2025-07-19',15),(3,'2025-08-21','2025-08-27',15);

INSERT INTO vedouci (id_vedouciho, jmeno, email, rodne_cislo, telefon, adresa, vek) VALUES
(1,'Petr Novotný','petr.novotny@example.com','750101/1234','+420 601 111 111','Hlavní 1, Praha, 110 00',35),
(2,'Jana Svobodová','jana.svobodova@example.com','820202/2345','+420 602 222 222','Masarykova 2, Brno, 602 00',32),
(3,'Martin Dvořák','martin.dvorak@example.com','790303/3456','+420 603 333 333','Komenského 3, Ostrava, 702 00',40),
(4,'Eva Procházková','eva.prochazkova@example.com','850404/4567','+420 604 444 444','Smetanova 4, Plzeň, 301 00',29),
(5,'Tomáš Masaryk','tomas.masaryk@example.com','780505/5678','+420 605 555 555','Jiráskova 5, Liberec, 460 01',38),
(6,'Lucie Bláhová','lucie.blahova@example.com','830606/6789','+420 606 666 666','Palackého 6, Zlín, 760 01',31);

INSERT INTO vedouci_alergeny (id_vedouciho, id_alergenu) VALUES
(1,1),(3,1),(3,3),(5,1),(5,14),(6,2),(6,6);

INSERT INTO vedouci_turnusy (id_turnusu, id_vedouciho) VALUES
(1,1),(1,2),(1,3),
(2,3),(2,4),(3,5),
(3,6);

INSERT INTO ucastnici (id_ucastnika, jmeno, email, rodne_cislo, telefon, adresa, vek) VALUES
(1,'Tereza Nováková','tereza.novakova@example.com','045217/1234','+420 601 123 456','Náměstí Míru 12, Praha, 120 00',12),
(2,'Jan Dvořák','jan.dvorak@example.com','071015/2345','+420 721 456 789','Jiráskova 8, Brno, 602 00',14),
(3,'Anna Svobodová','anna.svobodova@example.com','091208/3456','+420 737 789 123','Komenského 22, Ostrava, 702 00',13),
(4,'Lukáš Černý','lukas.cerny@example.com','100312/4567','+420 601 555 789','Masarykova 11, Plzeň, 301 00',10),
(5,'Eliška Procházková','eliska.prochazkova@example.com','120505/5678','+420 602 987 654','Smetanova 3, Liberec, 460 01',12),
(6,'Tomáš Král','tomas.kral@example.com','110801/6789','+420 775 123 987','Husova 7, Olomouc, 779 00',11),
(7,'Barbora Veselá','barbora.vesela@example.com','131217/7890','+420 723 345 678','Benešova 15, Zlín, 760 01',13),
(8,'Jakub Němec','jakub.nemec@example.com','100405/8901','+420 777 123 321','Na Příkopě 4, Praha, 110 00',10),
(9,'Adéla Horáková','adela.horakova@example.com','121106/9012','+420 602 555 888','Dlouhá 9, České Budějovice, 370 01',12),
(10,'David Marek','david.marek@example.com','080723/0123','+420 737 444 321','Zahradní 20, Karlovy Vary, 360 01',8),
(11,'Veronika Bláhová','veronika.blahova@example.com','140219/1324','+420 701 212 111','Palackého 14, Jihlava, 586 01',14),
(12,'Filip Beneš','filip.benes@example.com','090402/3456','+420 777 654 321','Riegrova 18, Pardubice, 530 02',9),
(13,'Karolína Fialová','karolina.fialova@example.com','100707/7788','+420 602 333 999','Tylova 2, Hradec Králové, 500 02',10),
(14,'Matěj Malý','matej.maly@example.com','070811/4455','+420 775 998 877','Petrova 5, Ústí nad Labem, 400 01',7),
(15,'Lucie Kolářová','lucie.kolarova@example.com','130405/1234','+420 703 456 789','Kollárova 9, Teplice, 415 01',13),
(16,'Ondřej Růžička','ondrej.ruzicka@example.com','091101/6655','+420 605 888 777','Vrchlického 13, Havířov, 736 01',12),
(17,'Klára Kovářová','klara.kovarova@example.com','121004/2323','+420 736 789 001','Pionýrů 6, Opava, 746 01',11),
(18,'Vojtěch Jelínek','vojtech.jelinek@example.com','070501/3344','+420 703 333 666','Mlýnská 3, Karviná, 733 01',7),
(19,'Simona Urbanová','simona.urbanova@example.com','101005/1122','+420 705 666 444','Sladkovského 7, Třebíč, 674 01',10),
(20,'Petr Konečný','petr.konecny@example.com','090918/7788','+420 776 555 222','Znojemská 1, Znojmo, 669 02',9),
(21,'Kateřina Holubová','katerina.holubova@example.com','130302/4466','+420 702 777 000','Hlavní 16, Příbram, 261 01',13),
(22,'Štěpán Polák','stepan.polak@example.com','071217/5566','+420 733 222 555','Čechova 4, Prostějov, 796 01',14),
(23,'Alena Hrušková','alena.hruskova@example.com','080710/6677','+420 604 321 654','Lidická 5, Kladno, 272 01',8),
(24,'Dominik Mach','dominik.mach@example.com','111104/7788','+420 739 123 456','Žižkova 14, Mladá Boleslav, 293 01',11),
(25,'Kristýna Němcová','kristyna.nemcova@example.com','060809/8899','+420 757 111 222','Kovářská 20, Uherské Hradiště, 686 01',12),
(26,'Michal Hlaváček','michal.hlavecek@example.com','041116/9900','+420 774 234 567','Špitálská 12, Třinec, 739 61',10),
(27,'Denisa Kolmanová','denisa.kolmanova@example.com','150709/2222','+420 766 444 333','Tovární 8, Frýdek-Místek, 738 01',14),
(28,'Jindřich Kříž','jindrich.kriz@example.com','080104/4455','+420 777 222 888','Nádražní 3, Kroměříž, 767 01',9),
(29,'Lucie Klímová','lucie.klimova@example.com','090903/6677','+420 777 333 444','Tylova 19, Valašské Meziříčí, 757 01',12),
(30,'Jakub Mareš','jakub.mares@example.com','110506/7788','+420 602 333 444','Koliště 16, Opava, 746 01',13);

INSERT INTO turnusy_ucastnici (id_ucastnika, id_turnusu) VALUES
(1,1),(2,1),(3,1),
(4,1),(5,1),(6,1),
(7,1),(8,1),(9,1),
(10,1),(30,1),(11,2),
(12,2),(13,2),(14,2),
(15,2),(16,2),(17,2),
(18,2),(19,2),(20,2),
(21,2),(22,2),(1,3),
(23,3),(24,3),(25,3),
(26,3),(27,3),(28,3),
(29,3),(30,3);

INSERT INTO ucastnici_alergeny (id_ucastnika, id_alergenu) VALUES
(2,1),(4,7),(6,3),(8,8),(10,6),(11,1),(12,7),(13,3),(14,8),
(16,7),(16,8),(18,3),(20,8),(22,1),(24,6),(26,1),(27,7),(28,3),
(29,8),(30,1),(30,7),(30,3),(30,8),(30,6),(30,4);

INSERT INTO jidla_vedouci (id_jidla, id_vedouciho, datum_podavani) VALUES
(1,1,'2025-07-04'),(11,1,'2025-07-04'),(21,1,'2025-07-04'),
(2,1,'2025-07-05'),(12,1,'2025-07-05'),(22,1,'2025-07-05'),
(3,1,'2025-07-06'),(13,1,'2025-07-06'),(23,1,'2025-07-06'),
(4,1,'2025-07-07'),(14,1,'2025-07-07'),(24,1,'2025-07-07'),
(5,1,'2025-07-08'),(15,1,'2025-07-08'),(25,1,'2025-07-08'),
(6,1,'2025-07-09'),(16,1,'2025-07-09'),(26,1,'2025-07-09'),
(7,1,'2025-07-10'),(17,1,'2025-07-10'),(27,1,'2025-07-10'),
(8,1,'2025-07-11'),(18,1,'2025-07-11'),(28,1,'2025-07-11'),
(9,1,'2025-07-12'),(19,1,'2025-07-12'),(29,1,'2025-07-12'),
(10,1,'2025-07-13'),(20,1,'2025-07-13'),(30,1,'2025-07-13'),
(1,1,'2025-07-14'),(11,1,'2025-07-14'),(21,1,'2025-07-14'),
(2,1,'2025-07-15'),(12,1,'2025-07-15'),(22,1,'2025-07-15'),
(3,1,'2025-07-16'),(13,1,'2025-07-16'),(23,1,'2025-07-16'),
(1,2,'2025-07-04'),(11,2,'2025-07-04'),(21,2,'2025-07-04'),
(2,2,'2025-07-05'),(12,2,'2025-07-05'),(22,2,'2025-07-05'),
(3,2,'2025-07-06'),(13,2,'2025-07-06'),(23,2,'2025-07-06'),
(4,2,'2025-07-07'),(14,2,'2025-07-07'),(24,2,'2025-07-07'),
(5,2,'2025-07-08'),(15,2,'2025-07-08'),(25,2,'2025-07-08'),
(6,2,'2025-07-09'),(16,2,'2025-07-09'),(26,2,'2025-07-09'),
(7,2,'2025-07-10'),(17,2,'2025-07-10'),(27,2,'2025-07-10'),
(8,2,'2025-07-11'),(18,2,'2025-07-11'),(28,2,'2025-07-11'),
(9,2,'2025-07-12'),(19,2,'2025-07-12'),(29,2,'2025-07-12'),
(10,2,'2025-07-13'),(20,2,'2025-07-13'),(30,2,'2025-07-13'),
(1,2,'2025-07-14'),(11,2,'2025-07-14'),(21,2,'2025-07-14'),
(2,2,'2025-07-15'),(12,2,'2025-07-15'),(22,2,'2025-07-15'),
(3,2,'2025-07-16'),(13,2,'2025-07-16'),(23,2,'2025-07-16'),
(1,3,'2025-07-04'),(11,3,'2025-07-04'),(21,3,'2025-07-04'),
(2,3,'2025-07-05'),(12,3,'2025-07-05'),(22,3,'2025-07-05'),
(3,3,'2025-07-06'),(13,3,'2025-07-06'),(23,3,'2025-07-06'),
(4,3,'2025-07-07'),(14,3,'2025-07-07'),(24,3,'2025-07-07'),
(5,3,'2025-07-08'),(15,3,'2025-07-08'),(25,3,'2025-07-08'),
(6,3,'2025-07-09'),(16,3,'2025-07-09'),(26,3,'2025-07-09'),
(7,3,'2025-07-10'),(17,3,'2025-07-10'),(27,3,'2025-07-10'),
(8,3,'2025-07-11'),(18,3,'2025-07-11'),(28,3,'2025-07-11'),
(9,3,'2025-07-12'),(19,3,'2025-07-12'),(29,3,'2025-07-12'),
(10,3,'2025-07-13'),(20,3,'2025-07-13'),(30,3,'2025-07-13'),
(1,3,'2025-07-14'),(11,3,'2025-07-14'),(21,3,'2025-07-14'),
(2,3,'2025-07-15'),(12,3,'2025-07-15'),(22,3,'2025-07-15'),
(3,3,'2025-07-16'),(13,3,'2025-07-16'),(23,3,'2025-07-16'),
(4,3,'2025-07-17'),(14,3,'2025-07-17'),(24,3,'2025-07-17'),
(5,3,'2025-07-18'),(15,3,'2025-07-18'),(25,3,'2025-07-18'),
(6,3,'2025-07-19'),(16,3,'2025-07-19'),(26,3,'2025-07-19'),
(8,4,'2025-07-11'),(18,4,'2025-07-11'),(28,4,'2025-07-11'),
(9,4,'2025-07-12'),(19,4,'2025-07-12'),(29,4,'2025-07-12'),
(10,4,'2025-07-13'),(20,4,'2025-07-13'),(30,4,'2025-07-13'),
(1,4,'2025-07-14'),(11,4,'2025-07-14'),(21,4,'2025-07-14'),
(2,4,'2025-07-15'),(12,4,'2025-07-15'),(22,4,'2025-07-15'),
(3,4,'2025-07-16'),(13,4,'2025-07-16'),(23,4,'2025-07-16'),
(4,4,'2025-07-17'),(14,4,'2025-07-17'),(24,4,'2025-07-17'),
(5,4,'2025-07-18'),(15,4,'2025-07-18'),(25,4,'2025-07-18'),
(6,4,'2025-07-19'),(16,4,'2025-07-19'),(26,4,'2025-07-19'),
(7,5,'2025-08-21'),(17,5,'2025-08-21'),(27,5,'2025-08-21'),
(8,5,'2025-08-22'),(18,5,'2025-08-22'),(28,5,'2025-08-22'),
(9,5,'2025-08-23'),(19,5,'2025-08-23'),(29,5,'2025-08-23'),
(10,5,'2025-08-24'),(20,5,'2025-08-24'),(30,5,'2025-08-24'),
(1,5,'2025-08-25'),(11,5,'2025-08-25'),(21,5,'2025-08-25'),
(2,5,'2025-08-26'),(12,5,'2025-08-26'),(22,5,'2025-08-26'),
(3,5,'2025-08-27'),(13,5,'2025-08-27'),(23,5,'2025-08-27'),
(7,6,'2025-08-21'),(17,6,'2025-08-21'),(27,6,'2025-08-21'),
(8,6,'2025-08-22'),(18,6,'2025-08-22'),(28,6,'2025-08-22'),
(9,6,'2025-08-23'),(19,6,'2025-08-23'),(29,6,'2025-08-23'),
(10,6,'2025-08-24'),(20,6,'2025-08-24'),(30,6,'2025-08-24'),
(1,6,'2025-08-25'),(11,6,'2025-08-25'),(21,6,'2025-08-25'),
(2,6,'2025-08-26'),(12,6,'2025-08-26'),(22,6,'2025-08-26'),
(3,6,'2025-08-27'),(13,6,'2025-08-27'),(23,6,'2025-08-27');

INSERT INTO ucastnici_jidla (id_jidla, id_ucastnika, datum_podavani) VALUES
(1,1,'2025-07-04'),(11,1,'2025-07-04'),(21,1,'2025-07-04'),
(2,1,'2025-07-05'),(12,1,'2025-07-05'),(22,1,'2025-07-05'),
(3,1,'2025-07-06'),(13,1,'2025-07-06'),(23,1,'2025-07-06'),
(4,1,'2025-07-07'),(14,1,'2025-07-07'),(24,1,'2025-07-07'),
(5,1,'2025-07-08'),(15,1,'2025-07-08'),(25,1,'2025-07-08'),
(6,1,'2025-07-09'),(16,1,'2025-07-09'),(26,1,'2025-07-09'),
(7,1,'2025-07-10'),(17,1,'2025-07-10'),(27,1,'2025-07-10'),
(8,1,'2025-07-11'),(18,1,'2025-07-11'),(28,1,'2025-07-11'),
(9,1,'2025-07-12'),(19,1,'2025-07-12'),(29,1,'2025-07-12'),
(10,1,'2025-07-13'),(20,1,'2025-07-13'),(30,1,'2025-07-13'),
(1,1,'2025-07-14'),(11,1,'2025-07-14'),(21,1,'2025-07-14'),
(2,1,'2025-07-15'),(12,1,'2025-07-15'),(22,1,'2025-07-15'),
(3,1,'2025-07-16'),(13,1,'2025-07-16'),(23,1,'2025-07-16'),
(1,2,'2025-07-04'),(11,2,'2025-07-04'),(21,2,'2025-07-04'),
(2,2,'2025-07-05'),(12,2,'2025-07-05'),(22,2,'2025-07-05'),
(3,2,'2025-07-06'),(13,2,'2025-07-06'),(23,2,'2025-07-06'),
(4,2,'2025-07-07'),(14,2,'2025-07-07'),(24,2,'2025-07-07'),
(5,2,'2025-07-08'),(15,2,'2025-07-08'),(25,2,'2025-07-08'),
(6,2,'2025-07-09'),(16,2,'2025-07-09'),(26,2,'2025-07-09'),
(7,2,'2025-07-10'),(17,2,'2025-07-10'),(27,2,'2025-07-10'),
(8,2,'2025-07-11'),(18,2,'2025-07-11'),(28,2,'2025-07-11'),
(9,2,'2025-07-12'),(19,2,'2025-07-12'),(29,2,'2025-07-12'),
(10,2,'2025-07-13'),(20,2,'2025-07-13'),(30,2,'2025-07-13'),
(1,2,'2025-07-14'),(11,2,'2025-07-14'),(21,2,'2025-07-14'),
(2,2,'2025-07-15'),(12,2,'2025-07-15'),(22,2,'2025-07-15'),
(3,2,'2025-07-16'),(13,2,'2025-07-16'),(23,2,'2025-07-16'),
(1,3,'2025-07-04'),(11,3,'2025-07-04'),(21,3,'2025-07-04'),
(2,3,'2025-07-05'),(12,3,'2025-07-05'),(22,3,'2025-07-05'),
(3,3,'2025-07-06'),(13,3,'2025-07-06'),(23,3,'2025-07-06'),
(4,3,'2025-07-07'),(14,3,'2025-07-07'),(24,3,'2025-07-07'),
(5,3,'2025-07-08'),(15,3,'2025-07-08'),(25,3,'2025-07-08'),
(6,3,'2025-07-09'),(16,3,'2025-07-09'),(26,3,'2025-07-09'),
(7,3,'2025-07-10'),(17,3,'2025-07-10'),(27,3,'2025-07-10'),
(8,3,'2025-07-11'),(18,3,'2025-07-11'),(28,3,'2025-07-11'),
(9,3,'2025-07-12'),(19,3,'2025-07-12'),(29,3,'2025-07-12'),
(10,3,'2025-07-13'),(20,3,'2025-07-13'),(30,3,'2025-07-13'),
(1,3,'2025-07-14'),(11,3,'2025-07-14'),(21,3,'2025-07-14'),
(2,3,'2025-07-15'),(12,3,'2025-07-15'),(22,3,'2025-07-15'),
(3,3,'2025-07-16'),(13,3,'2025-07-16'),(23,3,'2025-07-16'),
(1,4,'2025-07-04'),(11,4,'2025-07-04'),(21,4,'2025-07-04'),
(2,4,'2025-07-05'),(12,4,'2025-07-05'),(22,4,'2025-07-05'),
(3,4,'2025-07-06'),(13,4,'2025-07-06'),(23,4,'2025-07-06'),
(4,4,'2025-07-07'),(14,4,'2025-07-07'),(24,4,'2025-07-07'),
(5,4,'2025-07-08'),(15,4,'2025-07-08'),(25,4,'2025-07-08'),
(6,4,'2025-07-09'),(16,4,'2025-07-09'),(26,4,'2025-07-09'),
(7,4,'2025-07-10'),(17,4,'2025-07-10'),(27,4,'2025-07-10'),
(8,4,'2025-07-11'),(18,4,'2025-07-11'),(28,4,'2025-07-11'),
(9,4,'2025-07-12'),(19,4,'2025-07-12'),(29,4,'2025-07-12'),
(10,4,'2025-07-13'),(20,4,'2025-07-13'),(30,4,'2025-07-13'),
(1,4,'2025-07-14'),(11,4,'2025-07-14'),(21,4,'2025-07-14'),
(2,4,'2025-07-15'),(12,4,'2025-07-15'),(22,4,'2025-07-15'),
(3,4,'2025-07-16'),(13,4,'2025-07-16'),(23,4,'2025-07-16'),
(1,5,'2025-07-04'),(11,5,'2025-07-04'),(21,5,'2025-07-04'),
(2,5,'2025-07-05'),(12,5,'2025-07-05'),(22,5,'2025-07-05'),
(3,5,'2025-07-06'),(13,5,'2025-07-06'),(23,5,'2025-07-06'),
(4,5,'2025-07-07'),(14,5,'2025-07-07'),(24,5,'2025-07-07'),
(5,5,'2025-07-08'),(15,5,'2025-07-08'),(25,5,'2025-07-08'),
(6,5,'2025-07-09'),(16,5,'2025-07-09'),(26,5,'2025-07-09'),
(7,5,'2025-07-10'),(17,5,'2025-07-10'),(27,5,'2025-07-10'),
(8,5,'2025-07-11'),(18,5,'2025-07-11'),(28,5,'2025-07-11'),
(9,5,'2025-07-12'),(19,5,'2025-07-12'),(29,5,'2025-07-12'),
(10,5,'2025-07-13'),(20,5,'2025-07-13'),(30,5,'2025-07-13'),
(1,5,'2025-07-14'),(11,5,'2025-07-14'),(21,5,'2025-07-14'),
(2,5,'2025-07-15'),(12,5,'2025-07-15'),(22,5,'2025-07-15'),
(3,5,'2025-07-16'),(13,5,'2025-07-16'),(23,5,'2025-07-16'),
(1,6,'2025-07-04'),(11,6,'2025-07-04'),(21,6,'2025-07-04'),
(2,6,'2025-07-05'),(12,6,'2025-07-05'),(22,6,'2025-07-05'),
(3,6,'2025-07-06'),(13,6,'2025-07-06'),(23,6,'2025-07-06'),
(4,6,'2025-07-07'),(14,6,'2025-07-07'),(24,6,'2025-07-07'),
(5,6,'2025-07-08'),(15,6,'2025-07-08'),(25,6,'2025-07-08'),
(6,6,'2025-07-09'),(16,6,'2025-07-09'),(26,6,'2025-07-09'),
(7,6,'2025-07-10'),(17,6,'2025-07-10'),(27,6,'2025-07-10'),
(8,6,'2025-07-11'),(18,6,'2025-07-11'),(28,6,'2025-07-11'),
(9,6,'2025-07-12'),(19,6,'2025-07-12'),(29,6,'2025-07-12'),
(10,6,'2025-07-13'),(20,6,'2025-07-13'),(30,6,'2025-07-13'),
(1,6,'2025-07-14'),(11,6,'2025-07-14'),(21,6,'2025-07-14'),
(2,6,'2025-07-15'),(12,6,'2025-07-15'),(22,6,'2025-07-15'),
(3,6,'2025-07-16'),(13,6,'2025-07-16'),(23,6,'2025-07-16'),
(1,7,'2025-07-04'),(11,7,'2025-07-04'),(21,7,'2025-07-04'),
(2,7,'2025-07-05'),(12,7,'2025-07-05'),(22,7,'2025-07-05'),
(3,7,'2025-07-06'),(13,7,'2025-07-06'),(23,7,'2025-07-06'),
(4,7,'2025-07-07'),(14,7,'2025-07-07'),(24,7,'2025-07-07'),
(5,7,'2025-07-08'),(15,7,'2025-07-08'),(25,7,'2025-07-08'),
(6,7,'2025-07-09'),(16,7,'2025-07-09'),(26,7,'2025-07-09'),
(7,7,'2025-07-10'),(17,7,'2025-07-10'),(27,7,'2025-07-10'),
(8,7,'2025-07-11'),(18,7,'2025-07-11'),(28,7,'2025-07-11'),
(9,7,'2025-07-12'),(19,7,'2025-07-12'),(29,7,'2025-07-12'),
(10,7,'2025-07-13'),(20,7,'2025-07-13'),(30,7,'2025-07-13'),
(1,7,'2025-07-14'),(11,7,'2025-07-14'),(21,7,'2025-07-14'),
(2,7,'2025-07-15'),(12,7,'2025-07-15'),(22,7,'2025-07-15'),
(3,7,'2025-07-16'),(13,7,'2025-07-16'),(23,7,'2025-07-16'),
(1,8,'2025-07-04'),(11,8,'2025-07-04'),(21,8,'2025-07-04'),
(2,8,'2025-07-05'),(12,8,'2025-07-05'),(22,8,'2025-07-05'),
(3,8,'2025-07-06'),(13,8,'2025-07-06'),(23,8,'2025-07-06'),
(4,8,'2025-07-07'),(14,8,'2025-07-07'),(24,8,'2025-07-07'),
(5,8,'2025-07-08'),(15,8,'2025-07-08'),(25,8,'2025-07-08'),
(6,8,'2025-07-09'),(16,8,'2025-07-09'),(26,8,'2025-07-09'),
(7,8,'2025-07-10'),(17,8,'2025-07-10'),(27,8,'2025-07-10'),
(8,8,'2025-07-11'),(18,8,'2025-07-11'),(28,8,'2025-07-11'),
(9,8,'2025-07-12'),(19,8,'2025-07-12'),(29,8,'2025-07-12'),
(10,8,'2025-07-13'),(20,8,'2025-07-13'),(30,8,'2025-07-13'),
(1,8,'2025-07-14'),(11,8,'2025-07-14'),(21,8,'2025-07-14'),
(2,8,'2025-07-15'),(12,8,'2025-07-15'),(22,8,'2025-07-15'),
(3,8,'2025-07-16'),(13,8,'2025-07-16'),(23,8,'2025-07-16'),
(1,9,'2025-07-04'),(11,9,'2025-07-04'),(21,9,'2025-07-04'),
(2,9,'2025-07-05'),(12,9,'2025-07-05'),(22,9,'2025-07-05'),
(3,9,'2025-07-06'),(13,9,'2025-07-06'),(23,9,'2025-07-06'),
(4,9,'2025-07-07'),(14,9,'2025-07-07'),(24,9,'2025-07-07'),
(5,9,'2025-07-08'),(15,9,'2025-07-08'),(25,9,'2025-07-08'),
(6,9,'2025-07-09'),(16,9,'2025-07-09'),(26,9,'2025-07-09'),
(7,9,'2025-07-10'),(17,9,'2025-07-10'),(27,9,'2025-07-10'),
(8,9,'2025-07-11'),(18,9,'2025-07-11'),(28,9,'2025-07-11'),
(9,9,'2025-07-12'),(19,9,'2025-07-12'),(29,9,'2025-07-12'),
(10,9,'2025-07-13'),(20,9,'2025-07-13'),(30,9,'2025-07-13'),
(1,9,'2025-07-14'),(11,9,'2025-07-14'),(21,9,'2025-07-14'),
(2,9,'2025-07-15'),(12,9,'2025-07-15'),(22,9,'2025-07-15'),
(3,9,'2025-07-16'),(13,9,'2025-07-16'),(23,9,'2025-07-16'),
(1,10,'2025-07-04'),(11,10,'2025-07-04'),(21,10,'2025-07-04'),
(2,10,'2025-07-05'),(12,10,'2025-07-05'),(22,10,'2025-07-05'),
(3,10,'2025-07-06'),(13,10,'2025-07-06'),(23,10,'2025-07-06'),
(4,10,'2025-07-07'),(14,10,'2025-07-07'),(24,10,'2025-07-07'),
(5,10,'2025-07-08'),(15,10,'2025-07-08'),(25,10,'2025-07-08'),
(6,10,'2025-07-09'),(16,10,'2025-07-09'),(26,10,'2025-07-09'),
(7,10,'2025-07-10'),(17,10,'2025-07-10'),(27,10,'2025-07-10'),
(8,10,'2025-07-11'),(18,10,'2025-07-11'),(28,10,'2025-07-11'),
(9,10,'2025-07-12'),(19,10,'2025-07-12'),(29,10,'2025-07-12'),
(10,10,'2025-07-13'),(20,10,'2025-07-13'),(30,10,'2025-07-13'),
(1,10,'2025-07-14'),(11,10,'2025-07-14'),(21,10,'2025-07-14'),
(2,10,'2025-07-15'),(12,10,'2025-07-15'),(22,10,'2025-07-15'),
(3,10,'2025-07-16'),(13,10,'2025-07-16'),(23,10,'2025-07-16'),
(1,30,'2025-07-04'),(11,30,'2025-07-04'),(21,30,'2025-07-04'),
(2,30,'2025-07-05'),(12,30,'2025-07-05'),(22,30,'2025-07-05'),
(3,30,'2025-07-06'),(13,30,'2025-07-06'),(23,30,'2025-07-06'),
(4,30,'2025-07-07'),(14,30,'2025-07-07'),(24,30,'2025-07-07'),
(5,30,'2025-07-08'),(15,30,'2025-07-08'),(25,30,'2025-07-08'),
(6,30,'2025-07-09'),(16,30,'2025-07-09'),(26,30,'2025-07-09'),
(7,30,'2025-07-10'),(17,30,'2025-07-10'),(27,30,'2025-07-10'),
(8,30,'2025-07-11'),(18,30,'2025-07-11'),(28,30,'2025-07-11'),
(9,30,'2025-07-12'),(19,30,'2025-07-12'),(29,30,'2025-07-12'),
(10,30,'2025-07-13'),(20,30,'2025-07-13'),(30,30,'2025-07-13'),
(1,30,'2025-07-14'),(11,30,'2025-07-14'),(21,30,'2025-07-14'),
(2,30,'2025-07-15'),(12,30,'2025-07-15'),(22,30,'2025-07-15'),
(3,30,'2025-07-16'),(13,30,'2025-07-16'),(23,30,'2025-07-16'),
(8,11,'2025-07-11'),(18,11,'2025-07-11'),(28,11,'2025-07-11'),
(9,11,'2025-07-12'),(19,11,'2025-07-12'),(29,11,'2025-07-12'),
(10,11,'2025-07-13'),(20,11,'2025-07-13'),(30,11,'2025-07-13'),
(1,11,'2025-07-14'),(11,11,'2025-07-14'),(21,11,'2025-07-14'),
(2,11,'2025-07-15'),(12,11,'2025-07-15'),(22,11,'2025-07-15'),
(3,11,'2025-07-16'),(13,11,'2025-07-16'),(23,11,'2025-07-16'),
(4,11,'2025-07-17'),(14,11,'2025-07-17'),(24,11,'2025-07-17'),
(5,11,'2025-07-18'),(15,11,'2025-07-18'),(25,11,'2025-07-18'),
(6,11,'2025-07-19'),(16,11,'2025-07-19'),(26,11,'2025-07-19'),
(8,12,'2025-07-11'),(18,12,'2025-07-11'),(28,12,'2025-07-11'),
(9,12,'2025-07-12'),(19,12,'2025-07-12'),(29,12,'2025-07-12'),
(10,12,'2025-07-13'),(20,12,'2025-07-13'),(30,12,'2025-07-13'),
(1,12,'2025-07-14'),(11,12,'2025-07-14'),(21,12,'2025-07-14'),
(2,12,'2025-07-15'),(12,12,'2025-07-15'),(22,12,'2025-07-15'),
(3,12,'2025-07-16'),(13,12,'2025-07-16'),(23,12,'2025-07-16'),
(4,12,'2025-07-17'),(14,12,'2025-07-17'),(24,12,'2025-07-17'),
(5,12,'2025-07-18'),(15,12,'2025-07-18'),(25,12,'2025-07-18'),
(6,12,'2025-07-19'),(16,12,'2025-07-19'),(26,12,'2025-07-19'),
(8,13,'2025-07-11'),(18,13,'2025-07-11'),(28,13,'2025-07-11'),
(9,13,'2025-07-12'),(19,13,'2025-07-12'),(29,13,'2025-07-12'),
(10,13,'2025-07-13'),(20,13,'2025-07-13'),(30,13,'2025-07-13'),
(1,13,'2025-07-14'),(11,13,'2025-07-14'),(21,13,'2025-07-14'),
(2,13,'2025-07-15'),(12,13,'2025-07-15'),(22,13,'2025-07-15'),
(3,13,'2025-07-16'),(13,13,'2025-07-16'),(23,13,'2025-07-16'),
(4,13,'2025-07-17'),(14,13,'2025-07-17'),(24,13,'2025-07-17'),
(5,13,'2025-07-18'),(15,13,'2025-07-18'),(25,13,'2025-07-18'),
(6,13,'2025-07-19'),(16,13,'2025-07-19'),(26,13,'2025-07-19'),
(8,14,'2025-07-11'),(18,14,'2025-07-11'),(28,14,'2025-07-11'),
(9,14,'2025-07-12'),(19,14,'2025-07-12'),(29,14,'2025-07-12'),
(10,14,'2025-07-13'),(20,14,'2025-07-13'),(30,14,'2025-07-13'),
(1,14,'2025-07-14'),(11,14,'2025-07-14'),(21,14,'2025-07-14'),
(2,14,'2025-07-15'),(12,14,'2025-07-15'),(22,14,'2025-07-15'),
(3,14,'2025-07-16'),(13,14,'2025-07-16'),(23,14,'2025-07-16'),
(4,14,'2025-07-17'),(14,14,'2025-07-17'),(24,14,'2025-07-17'),
(5,14,'2025-07-18'),(15,14,'2025-07-18'),(25,14,'2025-07-18'),
(6,14,'2025-07-19'),(16,14,'2025-07-19'),(26,14,'2025-07-19'),
(8,15,'2025-07-11'),(18,15,'2025-07-11'),(28,15,'2025-07-11'),
(9,15,'2025-07-12'),(19,15,'2025-07-12'),(29,15,'2025-07-12'),
(10,15,'2025-07-13'),(20,15,'2025-07-13'),(30,15,'2025-07-13'),
(1,15,'2025-07-14'),(11,15,'2025-07-14'),(21,15,'2025-07-14'),
(2,15,'2025-07-15'),(12,15,'2025-07-15'),(22,15,'2025-07-15'),
(3,15,'2025-07-16'),(13,15,'2025-07-16'),(23,15,'2025-07-16'),
(4,15,'2025-07-17'),(14,15,'2025-07-17'),(24,15,'2025-07-17'),
(5,15,'2025-07-18'),(15,15,'2025-07-18'),(25,15,'2025-07-18'),
(6,15,'2025-07-19'),(16,15,'2025-07-19'),(26,15,'2025-07-19'),
(8,16,'2025-07-11'),(18,16,'2025-07-11'),(28,16,'2025-07-11'),
(9,16,'2025-07-12'),(19,16,'2025-07-12'),(29,16,'2025-07-12'),
(10,16,'2025-07-13'),(20,16,'2025-07-13'),(30,16,'2025-07-13'),
(1,16,'2025-07-14'),(11,16,'2025-07-14'),(21,16,'2025-07-14'),
(2,16,'2025-07-15'),(12,16,'2025-07-15'),(22,16,'2025-07-15'),
(3,16,'2025-07-16'),(13,16,'2025-07-16'),(23,16,'2025-07-16'),
(4,16,'2025-07-17'),(14,16,'2025-07-17'),(24,16,'2025-07-17'),
(5,16,'2025-07-18'),(15,16,'2025-07-18'),(25,16,'2025-07-18'),
(6,16,'2025-07-19'),(16,16,'2025-07-19'),(26,16,'2025-07-19'),
(8,17,'2025-07-11'),(18,17,'2025-07-11'),(28,17,'2025-07-11'),
(9,17,'2025-07-12'),(19,17,'2025-07-12'),(29,17,'2025-07-12'),
(10,17,'2025-07-13'),(20,17,'2025-07-13'),(30,17,'2025-07-13'),
(1,17,'2025-07-14'),(11,17,'2025-07-14'),(21,17,'2025-07-14'),
(2,17,'2025-07-15'),(12,17,'2025-07-15'),(22,17,'2025-07-15'),
(3,17,'2025-07-16'),(13,17,'2025-07-16'),(23,17,'2025-07-16'),
(4,17,'2025-07-17'),(14,17,'2025-07-17'),(24,17,'2025-07-17'),
(5,17,'2025-07-18'),(15,17,'2025-07-18'),(25,17,'2025-07-18'),
(6,17,'2025-07-19'),(16,17,'2025-07-19'),(26,17,'2025-07-19'),
(8,18,'2025-07-11'),(18,18,'2025-07-11'),(28,18,'2025-07-11'),
(9,18,'2025-07-12'),(19,18,'2025-07-12'),(29,18,'2025-07-12'),
(10,18,'2025-07-13'),(20,18,'2025-07-13'),(30,18,'2025-07-13'),
(1,18,'2025-07-14'),(11,18,'2025-07-14'),(21,18,'2025-07-14'),
(2,18,'2025-07-15'),(12,18,'2025-07-15'),(22,18,'2025-07-15'),
(3,18,'2025-07-16'),(13,18,'2025-07-16'),(23,18,'2025-07-16'),
(4,18,'2025-07-17'),(14,18,'2025-07-17'),(24,18,'2025-07-17'),
(5,18,'2025-07-18'),(15,18,'2025-07-18'),(25,18,'2025-07-18'),
(6,18,'2025-07-19'),(16,18,'2025-07-19'),(26,18,'2025-07-19'),
(8,19,'2025-07-11'),(18,19,'2025-07-11'),(28,19,'2025-07-11'),
(9,19,'2025-07-12'),(19,19,'2025-07-12'),(29,19,'2025-07-12'),
(10,19,'2025-07-13'),(20,19,'2025-07-13'),(30,19,'2025-07-13'),
(1,19,'2025-07-14'),(11,19,'2025-07-14'),(21,19,'2025-07-14'),
(2,19,'2025-07-15'),(12,19,'2025-07-15'),(22,19,'2025-07-15'),
(3,19,'2025-07-16'),(13,19,'2025-07-16'),(23,19,'2025-07-16'),
(4,19,'2025-07-17'),(14,19,'2025-07-17'),(24,19,'2025-07-17'),
(5,19,'2025-07-18'),(15,19,'2025-07-18'),(25,19,'2025-07-18'),
(6,19,'2025-07-19'),(16,19,'2025-07-19'),(26,19,'2025-07-19'),
(8,20,'2025-07-11'),(18,20,'2025-07-11'),(28,20,'2025-07-11'),
(9,20,'2025-07-12'),(19,20,'2025-07-12'),(29,20,'2025-07-12'),
(10,20,'2025-07-13'),(20,20,'2025-07-13'),(30,20,'2025-07-13'),
(1,20,'2025-07-14'),(11,20,'2025-07-14'),(21,20,'2025-07-14'),
(2,20,'2025-07-15'),(12,20,'2025-07-15'),(22,20,'2025-07-15'),
(3,20,'2025-07-16'),(13,20,'2025-07-16'),(23,20,'2025-07-16'),
(4,20,'2025-07-17'),(14,20,'2025-07-17'),(24,20,'2025-07-17'),
(5,20,'2025-07-18'),(15,20,'2025-07-18'),(25,20,'2025-07-18'),
(6,20,'2025-07-19'),(16,20,'2025-07-19'),(26,20,'2025-07-19'),
(8,21,'2025-07-11'),(18,21,'2025-07-11'),(28,21,'2025-07-11'),
(9,21,'2025-07-12'),(19,21,'2025-07-12'),(29,21,'2025-07-12'),
(10,21,'2025-07-13'),(20,21,'2025-07-13'),(30,21,'2025-07-13'),
(1,21,'2025-07-14'),(11,21,'2025-07-14'),(21,21,'2025-07-14'),
(2,21,'2025-07-15'),(12,21,'2025-07-15'),(22,21,'2025-07-15'),
(3,21,'2025-07-16'),(13,21,'2025-07-16'),(23,21,'2025-07-16'),
(4,21,'2025-07-17'),(14,21,'2025-07-17'),(24,21,'2025-07-17'),
(5,21,'2025-07-18'),(15,21,'2025-07-18'),(25,21,'2025-07-18'),
(6,21,'2025-07-19'),(16,21,'2025-07-19'),(26,21,'2025-07-19'),
(8,22,'2025-07-11'),(18,22,'2025-07-11'),(28,22,'2025-07-11'),
(9,22,'2025-07-12'),(19,22,'2025-07-12'),(29,22,'2025-07-12'),
(10,22,'2025-07-13'),(20,22,'2025-07-13'),(30,22,'2025-07-13'),
(1,22,'2025-07-14'),(11,22,'2025-07-14'),(21,22,'2025-07-14'),
(2,22,'2025-07-15'),(12,22,'2025-07-15'),(22,22,'2025-07-15'),
(3,22,'2025-07-16'),(13,22,'2025-07-16'),(23,22,'2025-07-16'),
(4,22,'2025-07-17'),(14,22,'2025-07-17'),(24,22,'2025-07-17'),
(5,22,'2025-07-18'),(15,22,'2025-07-18'),(25,22,'2025-07-18'),
(6,22,'2025-07-19'),(16,22,'2025-07-19'),(26,22,'2025-07-19'),
(7,1,'2025-08-21'),(17,1,'2025-08-21'),(27,1,'2025-08-21'),
(8,1,'2025-08-22'),(18,1,'2025-08-22'),(28,1,'2025-08-22'),
(9,1,'2025-08-23'),(19,1,'2025-08-23'),(29,1,'2025-08-23'),
(10,1,'2025-08-24'),(20,1,'2025-08-24'),(30,1,'2025-08-24'),
(1,1,'2025-08-25'),(11,1,'2025-08-25'),(21,1,'2025-08-25'),
(2,1,'2025-08-26'),(12,1,'2025-08-26'),(22,1,'2025-08-26'),
(3,1,'2025-08-27'),(13,1,'2025-08-27'),(23,1,'2025-08-27'),
(7,23,'2025-08-21'),(17,23,'2025-08-21'),(27,23,'2025-08-21'),
(8,23,'2025-08-22'),(18,23,'2025-08-22'),(28,23,'2025-08-22'),
(9,23,'2025-08-23'),(19,23,'2025-08-23'),(29,23,'2025-08-23'),
(10,23,'2025-08-24'),(20,23,'2025-08-24'),(30,23,'2025-08-24'),
(1,23,'2025-08-25'),(11,23,'2025-08-25'),(21,23,'2025-08-25'),
(2,23,'2025-08-26'),(12,23,'2025-08-26'),(22,23,'2025-08-26'),
(3,23,'2025-08-27'),(13,23,'2025-08-27'),(23,23,'2025-08-27'),
(7,24,'2025-08-21'),(17,24,'2025-08-21'),(27,24,'2025-08-21'),
(8,24,'2025-08-22'),(18,24,'2025-08-22'),(28,24,'2025-08-22'),
(9,24,'2025-08-23'),(19,24,'2025-08-23'),(29,24,'2025-08-23'),
(10,24,'2025-08-24'),(20,24,'2025-08-24'),(30,24,'2025-08-24'),
(1,24,'2025-08-25'),(11,24,'2025-08-25'),(21,24,'2025-08-25'),
(2,24,'2025-08-26'),(12,24,'2025-08-26'),(22,24,'2025-08-26'),
(3,24,'2025-08-27'),(13,24,'2025-08-27'),(23,24,'2025-08-27'),
(7,25,'2025-08-21'),(17,25,'2025-08-21'),(27,25,'2025-08-21'),
(8,25,'2025-08-22'),(18,25,'2025-08-22'),(28,25,'2025-08-22'),
(9,25,'2025-08-23'),(19,25,'2025-08-23'),(29,25,'2025-08-23'),
(10,25,'2025-08-24'),(20,25,'2025-08-24'),(30,25,'2025-08-24'),
(1,25,'2025-08-25'),(11,25,'2025-08-25'),(21,25,'2025-08-25'),
(2,25,'2025-08-26'),(12,25,'2025-08-26'),(22,25,'2025-08-26'),
(3,25,'2025-08-27'),(13,25,'2025-08-27'),(23,25,'2025-08-27'),
(7,26,'2025-08-21'),(17,26,'2025-08-21'),(27,26,'2025-08-21'),
(8,26,'2025-08-22'),(18,26,'2025-08-22'),(28,26,'2025-08-22'),
(9,26,'2025-08-23'),(19,26,'2025-08-23'),(29,26,'2025-08-23'),
(10,26,'2025-08-24'),(20,26,'2025-08-24'),(30,26,'2025-08-24'),
(1,26,'2025-08-25'),(11,26,'2025-08-25'),(21,26,'2025-08-25'),
(2,26,'2025-08-26'),(12,26,'2025-08-26'),(22,26,'2025-08-26'),
(3,26,'2025-08-27'),(13,26,'2025-08-27'),(23,26,'2025-08-27'),
(7,27,'2025-08-21'),(17,27,'2025-08-21'),(27,27,'2025-08-21'),
(8,27,'2025-08-22'),(18,27,'2025-08-22'),(28,27,'2025-08-22'),
(9,27,'2025-08-23'),(19,27,'2025-08-23'),(29,27,'2025-08-23'),
(10,27,'2025-08-24'),(20,27,'2025-08-24'),(30,27,'2025-08-24'),
(1,27,'2025-08-25'),(11,27,'2025-08-25'),(21,27,'2025-08-25'),
(2,27,'2025-08-26'),(12,27,'2025-08-26'),(22,27,'2025-08-26'),
(3,27,'2025-08-27'),(13,27,'2025-08-27'),(23,27,'2025-08-27'),
(7,28,'2025-08-21'),(17,28,'2025-08-21'),(27,28,'2025-08-21'),
(8,28,'2025-08-22'),(18,28,'2025-08-22'),(28,28,'2025-08-22'),
(9,28,'2025-08-23'),(19,28,'2025-08-23'),(29,28,'2025-08-23'),
(10,28,'2025-08-24'),(20,28,'2025-08-24'),(30,28,'2025-08-24'),
(1,28,'2025-08-25'),(11,28,'2025-08-25'),(21,28,'2025-08-25'),
(2,28,'2025-08-26'),(12,28,'2025-08-26'),(22,28,'2025-08-26'),
(3,28,'2025-08-27'),(13,28,'2025-08-27'),(23,28,'2025-08-27'),
(7,29,'2025-08-21'),(17,29,'2025-08-21'),(27,29,'2025-08-21'),
(8,29,'2025-08-22'),(18,29,'2025-08-22'),(28,29,'2025-08-22'),
(9,29,'2025-08-23'),(19,29,'2025-08-23'),(29,29,'2025-08-23'),
(10,29,'2025-08-24'),(20,29,'2025-08-24'),(30,29,'2025-08-24'),
(1,29,'2025-08-25'),(11,29,'2025-08-25'),(21,29,'2025-08-25'),
(2,29,'2025-08-26'),(12,29,'2025-08-26'),(22,29,'2025-08-26'),
(3,29,'2025-08-27'),(13,29,'2025-08-27'),(23,29,'2025-08-27'),
(7,30,'2025-08-21'),(17,30,'2025-08-21'),(27,30,'2025-08-21'),
(8,30,'2025-08-22'),(18,30,'2025-08-22'),(28,30,'2025-08-22'),
(9,30,'2025-08-23'),(19,30,'2025-08-23'),(29,30,'2025-08-23'),
(10,30,'2025-08-24'),(20,30,'2025-08-24'),(30,30,'2025-08-24'),
(1,30,'2025-08-25'),(11,30,'2025-08-25'),(21,30,'2025-08-25'),
(2,30,'2025-08-26'),(12,30,'2025-08-26'),(22,30,'2025-08-26'),
(3,30,'2025-08-27'),(13,30,'2025-08-27'),(23,30,'2025-08-27');

INSERT OR IGNORE INTO ucastnici_jidla (id_jidla, id_ucastnika, datum_podavani)
SELECT kj.id_jidla, tu.id_ucastnika, kj.datum
FROM kniha_jidel kj
JOIN turnusy t
  ON DATE(kj.datum) BETWEEN DATE(t.datum_od) AND DATE(t.datum_do)
JOIN turnusy_ucastnici tu
  ON tu.id_turnusu = t.id_turnusu;
