id_jidla[INTEGER],id_ucastnika[INTEGER],datum_podavani[DATE]
1,1,2025-07-01
11,1,2025-07-01
21,1,2025-07-01
1,2,2025-07-01
11,2,2025-07-01
21,2,2025-07-01
1,3,2025-07-01
11,3,2025-07-01
21,3,2025-07-01
1,4,2025-07-01
11,4,2025-07-01
21,4,2025-07-01
1,5,2025-07-01
11,5,2025-07-01
21,5,2025-07-01
1,6,2025-07-01
11,6,2025-07-01
21,6,2025-07-01
1,7,2025-07-01
11,7,2025-07-01
21,7,2025-07-01
1,8,2025-07-01
11,8,2025-07-01
21,8,2025-07-01
1,9,2025-07-01
11,9,2025-07-01
21,9,2025-07-01
1,10,2025-07-01
11,10,2025-07-01
21,10,2025-07-01
2,1,2025-07-02
12,1,2025-07-02
22,1,2025-07-02
2,2,2025-07-02
12,2,2025-07-02
22,2,2025-07-02
2,3,2025-07-02
12,3,2025-07-02
22,3,2025-07-02
2,4,2025-07-02
12,4,2025-07-02
22,4,2025-07-02
2,5,2025-07-02
12,5,2025-07-02
22,5,2025-07-02
2,6,2025-07-02
12,6,2025-07-02
22,6,2025-07-02
2,7,2025-07-02
12,7,2025-07-02
22,7,2025-07-02
2,8,2025-07-02
12,8,2025-07-02
22,8,2025-07-02
2,9,2025-07-02
12,9,2025-07-02
22,9,2025-07-02
2,10,2025-07-02
12,10,2025-07-02
22,10,2025-07-02
3,1,2025-07-03
13,1,2025-07-03
23,1,2025-07-03
3,2,2025-07-03
13,2,2025-07-03
23,2,2025-07-03
3,3,2025-07-03
13,3,2025-07-03
23,3,2025-07-03
3,4,2025-07-03
13,4,2025-07-03
23,4,2025-07-03
3,5,2025-07-03
13,5,2025-07-03
23,5,2025-07-03
3,6,2025-07-03
13,6,2025-07-03
23,6,2025-07-03
3,7,2025-07-03
13,7,2025-07-03
23,7,2025-07-03
3,8,2025-07-03
13,8,2025-07-03
23,8,2025-07-03
3,9,2025-07-03
13,9,2025-07-03
23,9,2025-07-03
3,10,2025-07-03
13,10,2025-07-03
23,10,2025-07-03
4,1,2025-07-04
14,1,2025-07-04
24,1,2025-07-04
4,2,2025-07-04
14,2,2025-07-04
24,2,2025-07-04
4,3,2025-07-04
14,3,2025-07-04
24,3,2025-07-04
4,4,2025-07-04
14,4,2025-07-04
24,4,2025-07-04
4,5,2025-07-04
14,5,2025-07-04
24,5,2025-07-04
4,6,2025-07-04
14,6,2025-07-04
24,6,2025-07-04
4,7,2025-07-04
14,7,2025-07-04
24,7,2025-07-04
4,8,2025-07-04
14,8,2025-07-04
24,8,2025-07-04
4,9,2025-07-04
14,9,2025-07-04
24,9,2025-07-04
4,10,2025-07-04
14,10,2025-07-04
24,10,2025-07-04
5,1,2025-07-05
15,1,2025-07-05
25,1,2025-07-05
5,2,2025-07-05
15,2,2025-07-05
25,2,2025-07-05
5,3,2025-07-05
15,3,2025-07-05
25,3,2025-07-05
5,4,2025-07-05
15,4,2025-07-05
25,4,2025-07-05
5,5,2025-07-05
15,5,2025-07-05
25,5,2025-07-05
5,6,2025-07-05
15,6,2025-07-05
25,6,2025-07-05
5,7,2025-07-05
15,7,2025-07-05
25,7,2025-07-05
5,8,2025-07-05
15,8,2025-07-05
25,8,2025-07-05
5,9,2025-07-05
15,9,2025-07-05
25,9,2025-07-05
5,10,2025-07-05
15,10,2025-07-05
25,10,2025-07-05
6,1,2025-07-06
16,1,2025-07-06
26,1,2025-07-06
6,2,2025-07-06
16,2,2025-07-06
26,2,2025-07-06
6,3,2025-07-06
16,3,2025-07-06
26,3,2025-07-06
6,4,2025-07-06
16,4,2025-07-06
26,4,2025-07-06
6,5,2025-07-06
16,5,2025-07-06
26,5,2025-07-06
6,6,2025-07-06
16,6,2025-07-06
26,6,2025-07-06
6,7,2025-07-06
16,7,2025-07-06
26,7,2025-07-06
6,8,2025-07-06
16,8,2025-07-06
26,8,2025-07-06
6,9,2025-07-06
16,9,2025-07-06
26,9,2025-07-06
6,10,2025-07-06
16,10,2025-07-06
26,10,2025-07-06
7,1,2025-07-07
17,1,2025-07-07
27,1,2025-07-07
7,2,2025-07-07
17,2,2025-07-07
27,2,2025-07-07
7,3,2025-07-07
17,3,2025-07-07
27,3,2025-07-07
7,4,2025-07-07
17,4,2025-07-07
27,4,2025-07-07
7,5,2025-07-07
17,5,2025-07-07
27,5,2025-07-07
7,6,2025-07-07
17,6,2025-07-07
27,6,2025-07-07
7,7,2025-07-07
17,7,2025-07-07
27,7,2025-07-07
7,8,2025-07-07
17,8,2025-07-07
27,8,2025-07-07
7,9,2025-07-07
17,9,2025-07-07
27,9,2025-07-07
7,10,2025-07-07
17,10,2025-07-07
27,10,2025-07-07
8,1,2025-07-08
18,1,2025-07-08
28,1,2025-07-08
8,2,2025-07-08
18,2,2025-07-08
28,2,2025-07-08
8,3,2025-07-08
18,3,2025-07-08
28,3,2025-07-08
8,4,2025-07-08
18,4,2025-07-08
28,4,2025-07-08
8,5,2025-07-08
18,5,2025-07-08
28,5,2025-07-08
8,6,2025-07-08
18,6,2025-07-08
28,6,2025-07-08
8,7,2025-07-08
18,7,2025-07-08
28,7,2025-07-08
8,8,2025-07-08
18,8,2025-07-08
28,8,2025-07-08
8,9,2025-07-08
18,9,2025-07-08
28,9,2025-07-08
8,10,2025-07-08
18,10,2025-07-08
28,10,2025-07-08
9,1,2025-07-09
19,1,2025-07-09
29,1,2025-07-09
9,2,2025-07-09
19,2,2025-07-09
29,2,2025-07-09
9,3,2025-07-09
19,3,2025-07-09
29,3,2025-07-09
9,4,2025-07-09
19,4,2025-07-09
29,4,2025-07-09
9,5,2025-07-09
19,5,2025-07-09
29,5,2025-07-09
9,6,2025-07-09
19,6,2025-07-09
29,6,2025-07-09
9,7,2025-07-09
19,7,2025-07-09
29,7,2025-07-09
9,8,2025-07-09
19,8,2025-07-09
29,8,2025-07-09
9,9,2025-07-09
19,9,2025-07-09
29,9,2025-07-09
9,10,2025-07-09
19,10,2025-07-09
29,10,2025-07-09
10,1,2025-07-10
20,1,2025-07-10
30,1,2025-07-10
10,2,2025-07-10
20,2,2025-07-10
30,2,2025-07-10
10,3,2025-07-10
20,3,2025-07-10
30,3,2025-07-10
10,4,2025-07-10
20,4,2025-07-10
30,4,2025-07-10
10,5,2025-07-10
20,5,2025-07-10
30,5,2025-07-10
10,6,2025-07-10
20,6,2025-07-10
30,6,2025-07-10
10,7,2025-07-10
20,7,2025-07-10
30,7,2025-07-10
10,8,2025-07-10
20,8,2025-07-10
30,8,2025-07-10
10,9,2025-07-10
20,9,2025-07-10
30,9,2025-07-10
10,10,2025-07-10
20,10,2025-07-10
30,10,2025-07-10
1,11,2025-07-11
11,11,2025-07-11
21,11,2025-07-11
1,12,2025-07-11
11,12,2025-07-11
21,12,2025-07-11
1,13,2025-07-11
11,13,2025-07-11
21,13,2025-07-11
1,14,2025-07-11
11,14,2025-07-11
21,14,2025-07-11
1,15,2025-07-11
11,15,2025-07-11
21,15,2025-07-11
1,16,2025-07-11
11,16,2025-07-11
21,16,2025-07-11
1,17,2025-07-11
11,17,2025-07-11
21,17,2025-07-11
1,18,2025-07-11
11,18,2025-07-11
21,18,2025-07-11
1,19,2025-07-11
11,19,2025-07-11
21,19,2025-07-11
1,20,2025-07-11
11,20,2025-07-11
21,20,2025-07-11
2,11,2025-07-12
12,11,2025-07-12
22,11,2025-07-12
2,12,2025-07-12
12,12,2025-07-12
22,12,2025-07-12
2,13,2025-07-12
12,13,2025-07-12
22,13,2025-07-12
2,14,2025-07-12
12,14,2025-07-12
22,14,2025-07-12
2,15,2025-07-12
12,15,2025-07-12
22,15,2025-07-12
2,16,2025-07-12
12,16,2025-07-12
22,16,2025-07-12
2,17,2025-07-12
12,17,2025-07-12
22,17,2025-07-12
2,18,2025-07-12
12,18,2025-07-12
22,18,2025-07-12
2,19,2025-07-12
12,19,2025-07-12
22,19,2025-07-12
2,20,2025-07-12
12,20,2025-07-12
22,20,2025-07-12
3,11,2025-07-13
13,11,2025-07-13
23,11,2025-07-13
3,12,2025-07-13
13,12,2025-07-13
23,12,2025-07-13
3,13,2025-07-13
13,13,2025-07-13
23,13,2025-07-13
3,14,2025-07-13
13,14,2025-07-13
23,14,2025-07-13
3,15,2025-07-13
13,15,2025-07-13
23,15,2025-07-13
3,16,2025-07-13
13,16,2025-07-13
23,16,2025-07-13
3,17,2025-07-13
13,17,2025-07-13
23,17,2025-07-13
3,18,2025-07-13
13,18,2025-07-13
23,18,2025-07-13
3,19,2025-07-13
13,19,2025-07-13
23,19,2025-07-13
3,20,2025-07-13
13,20,2025-07-13
23,20,2025-07-13
4,11,2025-07-14
14,11,2025-07-14
24,11,2025-07-14
4,12,2025-07-14
14,12,2025-07-14
24,12,2025-07-14
4,13,2025-07-14
14,13,2025-07-14
24,13,2025-07-14
4,14,2025-07-14
14,14,2025-07-14
24,14,2025-07-14
4,15,2025-07-14
14,15,2025-07-14
24,15,2025-07-14
4,16,2025-07-14
14,16,2025-07-14
24,16,2025-07-14
4,17,2025-07-14
14,17,2025-07-14
24,17,2025-07-14
4,18,2025-07-14
14,18,2025-07-14
24,18,2025-07-14
4,19,2025-07-14
14,19,2025-07-14
24,19,2025-07-14
4,20,2025-07-14
14,20,2025-07-14
24,20,2025-07-14
5,11,2025-07-15
15,11,2025-07-15
25,11,2025-07-15
5,12,2025-07-15
15,12,2025-07-15
25,12,2025-07-15
5,13,2025-07-15
15,13,2025-07-15
25,13,2025-07-15
5,14,2025-07-15
15,14,2025-07-15
25,14,2025-07-15
5,15,2025-07-15
15,15,2025-07-15
25,15,2025-07-15
5,16,2025-07-15
15,16,2025-07-15
25,16,2025-07-15
5,17,2025-07-15
15,17,2025-07-15
25,17,2025-07-15
5,18,2025-07-15
15,18,2025-07-15
25,18,2025-07-15
5,19,2025-07-15
15,19,2025-07-15
25,19,2025-07-15
5,20,2025-07-15
15,20,2025-07-15
25,20,2025-07-15
6,11,2025-07-16
16,11,2025-07-16
26,11,2025-07-16
6,12,2025-07-16
16,12,2025-07-16
26,12,2025-07-16
6,13,2025-07-16
16,13,2025-07-16
26,13,2025-07-16
6,14,2025-07-16
16,14,2025-07-16
26,14,2025-07-16
6,15,2025-07-16
16,15,2025-07-16
26,15,2025-07-16
6,16,2025-07-16
16,16,2025-07-16
26,16,2025-07-16
6,17,2025-07-16
16,17,2025-07-16
26,17,2025-07-16
6,18,2025-07-16
16,18,2025-07-16
26,18,2025-07-16
6,19,2025-07-16
16,19,2025-07-16
26,19,2025-07-16
6,20,2025-07-16
16,20,2025-07-16
26,20,2025-07-16
7,11,2025-07-17
17,11,2025-07-17
27,11,2025-07-17
7,12,2025-07-17
17,12,2025-07-17
27,12,2025-07-17
7,13,2025-07-17
17,13,2025-07-17
27,13,2025-07-17
7,14,2025-07-17
17,14,2025-07-17
27,14,2025-07-17
7,15,2025-07-17
17,15,2025-07-17
27,15,2025-07-17
7,16,2025-07-17
17,16,2025-07-17
27,16,2025-07-17
7,17,2025-07-17
17,17,2025-07-17
27,17,2025-07-17
7,18,2025-07-17
17,18,2025-07-17
27,18,2025-07-17
7,19,2025-07-17
17,19,2025-07-17
27,19,2025-07-17
7,20,2025-07-17
17,20,2025-07-17
27,20,2025-07-17
8,11,2025-07-18
18,11,2025-07-18
28,11,2025-07-18
8,12,2025-07-18
18,12,2025-07-18
28,12,2025-07-18
8,13,2025-07-18
18,13,2025-07-18
28,13,2025-07-18
8,14,2025-07-18
18,14,2025-07-18
28,14,2025-07-18
8,15,2025-07-18
18,15,2025-07-18
28,15,2025-07-18
8,16,2025-07-18
18,16,2025-07-18
28,16,2025-07-18
8,17,2025-07-18
18,17,2025-07-18
28,17,2025-07-18
8,18,2025-07-18
18,18,2025-07-18
28,18,2025-07-18
8,19,2025-07-18
18,19,2025-07-18
28,19,2025-07-18
8,20,2025-07-18
18,20,2025-07-18
28,20,2025-07-18
9,11,2025-07-19
19,11,2025-07-19
29,11,2025-07-19
9,12,2025-07-19
19,12,2025-07-19
29,12,2025-07-19
9,13,2025-07-19
19,13,2025-07-19
29,13,2025-07-19
9,14,2025-07-19
19,14,2025-07-19
29,14,2025-07-19
9,15,2025-07-19
19,15,2025-07-19
29,15,2025-07-19
9,16,2025-07-19
19,16,2025-07-19
29,16,2025-07-19
9,17,2025-07-19
19,17,2025-07-19
29,17,2025-07-19
9,18,2025-07-19
19,18,2025-07-19
29,18,2025-07-19
9,19,2025-07-19
19,19,2025-07-19
29,19,2025-07-19
9,20,2025-07-19
19,20,2025-07-19
29,20,2025-07-19
10,11,2025-07-20
20,11,2025-07-20
30,11,2025-07-20
10,12,2025-07-20
20,12,2025-07-20
30,12,2025-07-20
10,13,2025-07-20
20,13,2025-07-20
30,13,2025-07-20
10,14,2025-07-20
20,14,2025-07-20
30,14,2025-07-20
10,15,2025-07-20
20,15,2025-07-20
30,15,2025-07-20
10,16,2025-07-20
20,16,2025-07-20
30,16,2025-07-20
10,17,2025-07-20
20,17,2025-07-20
30,17,2025-07-20
10,18,2025-07-20
20,18,2025-07-20
30,18,2025-07-20
10,19,2025-07-20
20,19,2025-07-20
30,19,2025-07-20
10,20,2025-07-20
20,20,2025-07-20
30,20,2025-07-20
1,21,2025-07-21
11,21,2025-07-21
21,21,2025-07-21
1,22,2025-07-21
11,22,2025-07-21
21,22,2025-07-21
1,23,2025-07-21
11,23,2025-07-21
21,23,2025-07-21
1,24,2025-07-21
11,24,2025-07-21
21,24,2025-07-21
1,25,2025-07-21
11,25,2025-07-21
21,25,2025-07-21
1,26,2025-07-21
11,26,2025-07-21
21,26,2025-07-21
1,27,2025-07-21
11,27,2025-07-21
21,27,2025-07-21
1,28,2025-07-21
11,28,2025-07-21
21,28,2025-07-21
1,29,2025-07-21
11,29,2025-07-21
21,29,2025-07-21
1,30,2025-07-21
11,30,2025-07-21
21,30,2025-07-21
2,21,2025-07-22
12,21,2025-07-22
22,21,2025-07-22
2,22,2025-07-22
12,22,2025-07-22
22,22,2025-07-22
2,23,2025-07-22
12,23,2025-07-22
22,23,2025-07-22
2,24,2025-07-22
12,24,2025-07-22
22,24,2025-07-22
2,25,2025-07-22
12,25,2025-07-22
22,25,2025-07-22
2,26,2025-07-22
12,26,2025-07-22
22,26,2025-07-22
2,27,2025-07-22
12,27,2025-07-22
22,27,2025-07-22
2,28,2025-07-22
12,28,2025-07-22
22,28,2025-07-22
2,29,2025-07-22
12,29,2025-07-22
22,29,2025-07-22
2,30,2025-07-22
12,30,2025-07-22
22,30,2025-07-22
3,21,2025-07-23
13,21,2025-07-23
23,21,2025-07-23
3,22,2025-07-23
13,22,2025-07-23
23,22,2025-07-23
3,23,2025-07-23
13,23,2025-07-23
23,23,2025-07-23
3,24,2025-07-23
13,24,2025-07-23
23,24,2025-07-23
3,25,2025-07-23
13,25,2025-07-23
23,25,2025-07-23
3,26,2025-07-23
13,26,2025-07-23
23,26,2025-07-23
3,27,2025-07-23
13,27,2025-07-23
23,27,2025-07-23
3,28,2025-07-23
13,28,2025-07-23
23,28,2025-07-23
3,29,2025-07-23
13,29,2025-07-23
23,29,2025-07-23
3,30,2025-07-23
13,30,2025-07-23
23,30,2025-07-23
4,21,2025-07-24
14,21,2025-07-24
24,21,2025-07-24
4,22,2025-07-24
14,22,2025-07-24
24,22,2025-07-24
4,23,2025-07-24
14,23,2025-07-24
24,23,2025-07-24
4,24,2025-07-24
14,24,2025-07-24
24,24,2025-07-24
4,25,2025-07-24
14,25,2025-07-24
24,25,2025-07-24
4,26,2025-07-24
14,26,2025-07-24
24,26,2025-07-24
4,27,2025-07-24
14,27,2025-07-24
24,27,2025-07-24
4,28,2025-07-24
14,28,2025-07-24
24,28,2025-07-24
4,29,2025-07-24
14,29,2025-07-24
24,29,2025-07-24
4,30,2025-07-24
14,30,2025-07-24
24,30,2025-07-24
5,21,2025-07-25
15,21,2025-07-25
25,21,2025-07-25
5,22,2025-07-25
15,22,2025-07-25
25,22,2025-07-25
5,23,2025-07-25
15,23,2025-07-25
25,23,2025-07-25
5,24,2025-07-25
15,24,2025-07-25
25,24,2025-07-25
5,25,2025-07-25
15,25,2025-07-25
25,25,2025-07-25
5,26,2025-07-25
15,26,2025-07-25
25,26,2025-07-25
5,27,2025-07-25
15,27,2025-07-25
25,27,2025-07-25
5,28,2025-07-25
15,28,2025-07-25
25,28,2025-07-25
5,29,2025-07-25
15,29,2025-07-25
25,29,2025-07-25
5,30,2025-07-25
15,30,2025-07-25
25,30,2025-07-25
6,21,2025-07-26
16,21,2025-07-26
26,21,2025-07-26
6,22,2025-07-26
16,22,2025-07-26
26,22,2025-07-26
6,23,2025-07-26
16,23,2025-07-26
26,23,2025-07-26
6,24,2025-07-26
16,24,2025-07-26
26,24,2025-07-26
6,25,2025-07-26
16,25,2025-07-26
26,25,2025-07-26
6,26,2025-07-26
16,26,2025-07-26
26,26,2025-07-26
6,27,2025-07-26
16,27,2025-07-26
26,27,2025-07-26
6,28,2025-07-26
16,28,2025-07-26
26,28,2025-07-26
6,29,2025-07-26
16,29,2025-07-26
26,29,2025-07-26
6,30,2025-07-26
16,30,2025-07-26
26,30,2025-07-26
7,21,2025-07-27
17,21,2025-07-27
27,21,2025-07-27
7,22,2025-07-27
17,22,2025-07-27
27,22,2025-07-27
7,23,2025-07-27
17,23,2025-07-27
27,23,2025-07-27
7,24,2025-07-27
17,24,2025-07-27
27,24,2025-07-27
7,25,2025-07-27
17,25,2025-07-27
27,25,2025-07-27
7,26,2025-07-27
17,26,2025-07-27
27,26,2025-07-27
7,27,2025-07-27
17,27,2025-07-27
27,27,2025-07-27
7,28,2025-07-27
17,28,2025-07-27
27,28,2025-07-27
7,29,2025-07-27
17,29,2025-07-27
27,29,2025-07-27
7,30,2025-07-27
17,30,2025-07-27
27,30,2025-07-27
8,21,2025-07-28
18,21,2025-07-28
28,21,2025-07-28
8,22,2025-07-28
18,22,2025-07-28
28,22,2025-07-28
8,23,2025-07-28
18,23,2025-07-28
28,23,2025-07-28
8,24,2025-07-28
18,24,2025-07-28
28,24,2025-07-28
8,25,2025-07-28
18,25,2025-07-28
28,25,2025-07-28
8,26,2025-07-28
18,26,2025-07-28
28,26,2025-07-28
8,27,2025-07-28
18,27,2025-07-28
28,27,2025-07-28
8,28,2025-07-28
18,28,2025-07-28
28,28,2025-07-28
8,29,2025-07-28
18,29,2025-07-28
28,29,2025-07-28
8,30,2025-07-28
18,30,2025-07-28
28,30,2025-07-28
9,21,2025-07-29
19,21,2025-07-29
29,21,2025-07-29
9,22,2025-07-29
19,22,2025-07-29
29,22,2025-07-29
9,23,2025-07-29
19,23,2025-07-29
29,23,2025-07-29
9,24,2025-07-29
19,24,2025-07-29
29,24,2025-07-29
9,25,2025-07-29
19,25,2025-07-29
29,25,2025-07-29
9,26,2025-07-29
19,26,2025-07-29
29,26,2025-07-29
9,27,2025-07-29
19,27,2025-07-29
29,27,2025-07-29
9,28,2025-07-29
19,28,2025-07-29
29,28,2025-07-29
9,29,2025-07-29
19,29,2025-07-29
29,29,2025-07-29
9,30,2025-07-29
19,30,2025-07-29
29,30,2025-07-29
10,21,2025-07-30
20,21,2025-07-30
30,21,2025-07-30
10,22,2025-07-30
20,22,2025-07-30
30,22,2025-07-30
10,23,2025-07-30
20,23,2025-07-30
30,23,2025-07-30
10,24,2025-07-30
20,24,2025-07-30
30,24,2025-07-30
10,25,2025-07-30
20,25,2025-07-30
30,25,2025-07-30
10,26,2025-07-30
20,26,2025-07-30
30,26,2025-07-30
10,27,2025-07-30
20,27,2025-07-30
30,27,2025-07-30
10,28,2025-07-30
20,28,2025-07-30
30,28,2025-07-30
10,29,2025-07-30
20,29,2025-07-30
30,29,2025-07-30
10,30,2025-07-30
20,30,2025-07-30
30,30,2025-07-30